{"A1": [[-0.013488767401443573, 0.0027485642273346747, 0.024288218143030404, -0.009898558342287572], [0.06961960723527763, 0.21544777240096505, -0.14319057889287995, -0.141926508919283], [-0.1007347484410801, 0.41424272734814016, -0.06066779981085507, -0.2532682405859079], [-0.0018730667719469847, -0.005106493315052739, 0.00182535035945062, 0.008895375314608706]], "A2": [[0.16532243930750432, -0.1668219070018672, -0.00382784067988954, 0.006505460463374665], [0.042736432698694655, 0.20003636266078503, -0.12781752344590455, -0.11385057972334459], [-0.07807065630233495, 0.5883305616857805, -0.25931925757348623, -0.25171431706812836], [0.0016023794165959556, 0.00826660668312393, -0.0027995680529561864, -0.007443571633477092]], "B1": [0.00020188367528662933, -0.0009157454618441196, -0.0002112675742360437, -0.0002362304040330152], "B2": [-0.0006266260025097128, 9.910518466909383e-05, -0.0006979645921234992, -0.000604023512229235]}