{"A1": [[-0.09929254097046612, -0.0968985079570749, -0.07248655171719995, -0.1029334227941614], [0.02248949336729305, 0.17701576513995348, -0.17779768703309376, -0.18496505955200834], [-0.16078061985657, 0.33705642588493323, -0.137505320361816, -0.3188656994204941], [-0.04486887487065375, -0.04756468683543806, -0.04581887237052133, -0.03257493169897645]], "A2": [[0.13254469928520013, -0.17330369261154485, -0.055119129274471504, -0.020874754451003504], [0.020794924594460792, 0.1875049846152632, -0.12486957386280742, -0.12331176425375114], [-0.1094957118774244, 0.5407091677720034, -0.27805730430899556, -0.26973929303227406], [-0.02969619923304658, -0.011718550497607972, -0.02010643640935493, -0.020440194119630467]], "B1": [-0.005939396571457709, -0.02170261088207107, -0.022885573614867642, 0.00036314486469672495], "B2": [-0.035288750293915955, 0.01814487793848564, 0.032406423774854934, -0.014683772312126976]}