{"A1": [[-0.021145642479117724, 0.9787673005635873, -0.02124979452879041, -0.0210708128717813], [0.4948112981375445, 2.9530125003203223, -1.0469790172074114, -0.046691854824751945], [1.151863329253397, 1.9852593245616454, 2.152000392605409, -0.014758318101664473], [-0.013924710735939356, -0.01392702222391014, -0.013904088381017102, -0.013880072971293867]], "A2": [[0.1826976845339452, -0.1495485688543932, 0.01876504338260168, 0.01540138514270659], [0.23894273710938882, 0.41052220843520487, 0.08465178553376995, 0.06942920997264634], [0.20426801911152404, 0.8714728991210019, 0.03820770795542032, 0.03744442602536475], [-0.0028795848420362907, -0.0029482081483317804, -0.003007921155627234, -0.0028496365755211043]], "B1": [0.38827472896649073, 1.9130064842150303, 0.9297158521541129, -0.11318570330600457], "B2": [0.47093400273761216, 0.8851549524812012, 0.22269266678850486, 0.3606558058441001], "Error": 0.012036843248881698, "Number": 906}