{"A1": [[-0.01379579779990266, 0.0024413280131117907, 0.02397654154820781, -0.010206409668282838], [0.06975571188395638, 0.2155849510681217, -0.14305200833924317, -0.14178887017911318], [-0.10120358447900048, 0.4137749144968832, -0.061140184338838104, -0.2537400207384966], [-0.003016210017298965, -0.006248069373576026, 0.0006715435758838076, 0.007737594611166248]], "A2": [[0.16641628841346515, -0.16573848865643, -0.002749663369243327, 0.0075895811041006775], [0.041633470616431974, 0.19893891752151746, -0.1289043104152546, -0.1149415170630148], [-0.07772626746050028, 0.5886706679683282, -0.2589826544730388, -0.25137617722209676], [0.001181628995746509, 0.007845426949817701, -0.0032128941643678136, -0.007858279062644273]], "B1": [-0.0005438709221361359, -0.00027891364673327315, 0.00010958504769424828, 0.0005146849704382697], "B2": [0.0004461104101459362, -0.0002036449660122121, -0.00042393387419575846, -0.0003015800755957922]}