{"A1": [[-6.764777652530873e-06, -7.175911304694891e-06, -6.132645468904106e-06, -6.508541444575573e-06], [0.20832470848886617, 0.33332086609114686, -0.04167647007504334, -7.4967178807767125e-06], [0.16665886477552128, 0.6666584797233834, 0.16665988961527695, -7.485994925858446e-06], [-5.890862736844829e-06, -5.259118814200984e-06, -4.627158603190064e-06, -5.885847422424051e-06]], "A2": [[0.16666341447084557, -0.16666995488515407, -3.702199423083742e-06, -3.3075751215711325e-06], [0.16658228782578563, 0.33324656143398035, -9.044147822928317e-05, -8.459598184295366e-05], [0.16662080858667624, 0.833286099432588, -4.885007847318528e-05, -4.5911271992096206e-05], [1.6641824704809132e-05, 1.7150467637766506e-05, 1.7611460468910548e-05, 1.6641823493688207e-05]], "B1": [0.16668772431462361, 0.666537360174746, 0.16656589398039354, 5.108611541839448e-05], "B2": [0.16667726482072914, 0.6666727948870234, 0.16667639711687735, 1.1946240937307524e-05], "Error": 6.478196896682402e-06, "Number": 3100}