{"A1": [[-9.857826940332817e-06, -9.456523839341119e-06, -7.953219145726864e-06, -9.659605275487852e-06], [0.20830500333953744, 0.33330521001527497, -0.04168965351206262, -2.7456627092775818e-05], [0.16665460745063135, 0.6666551596453257, 0.16665707196111673, -1.1814640062618466e-05], [-4.461342376137989e-06, -3.982853495163764e-06, -3.5041628995084976e-06, -4.457537642590414e-06]], "A2": [[0.16668793649968752, -0.16664473562788848, 2.2238499684353925e-05, 2.1227905544259876e-05], [0.16669458726418912, 0.3333621384159631, 2.8460886867060905e-05, 2.775621498822584e-05], [0.16665411584580542, 0.8333204004815927, -1.3560367040155053e-05, -1.2591084332793199e-05], [1.2614745882071957e-05, 1.3000297897944423e-05, 1.3349717314704387e-05, 1.2614743026060623e-05]], "B1": [0.16663005441988799, 0.666584619892028, 0.16667476236310289, -1.3195748871116402e-05], "B2": [0.1666214637674117, 0.6666008943313051, 0.16658897729418848, -4.4180811578224845e-05], "Error": 3.913006898765061e-06, "Number": 2349}