{"A1": [[-0.0003605134235969855, -0.00036858186760978316, -0.0003300128150816606, -0.0003521635764545636], [0.20737528879784736, 0.33228104218870474, -0.04260442583796095, -0.0009212215359692773], [0.1662192796824774, 0.6662164489776793, 0.16627103822979064, -0.00043710499669310626], [-0.0001887612964111953, -0.00016848034032952036, -0.00014827246945827615, -0.0001886155900959211]], "A2": [[0.1673029026392765, -0.16600593231480398, 0.0006709933736915633, 0.0006344601850079694], [0.16690745571091634, 0.3335984972195219, 0.0002399751914151652, 0.00023379754208403532], [0.1659228333942802, 0.8325700908803189, -0.0007925617183218511, -0.0007455569367851595], [0.0005297628546557369, 0.0005459549469949316, 0.0005606748536000958, 0.0005297695264700171]], "B1": [0.16556496202415086, 0.663007653884247, 0.1661882605060108, -0.00011375155790498105], "B2": [0.16536417317179744, 0.6646440641117908, 0.16421448606315855, -0.0012586896041853705]}