{"Number": 9, "Error": 6.460928877718199e-06, "A1": [[9.481280641359218e-06, 1.0302143845071143e-05, 1.1122071989371878e-05, 9.471920736685152e-06], [0.2083732206943909, 0.33337665984044523, -0.04161990394240476, 3.9848347999808686e-05], [0.16667713528984035, 0.6666780316528479, 0.16667892748834603, 1.045846946371308e-05], [4.1065347506874275e-08, 4.082218108188762e-08, 4.057907478687733e-08, 4.1027444913716844e-08]], "A2": [[0.1666817018502106, -0.16665219119343286, 1.3875979418262225e-05, 1.503521246041695e-05], [0.16672306994229896, 0.333387611604329, 5.200389114217967e-05, 5.640348650876712e-05], [0.16667986845223326, 0.8333460327605442, 1.216206567701641e-05, 1.3201862074697678e-05], [5.1790755808578024e-08, 5.2306672092578896e-08, 5.2677583573846306e-08, 5.1790741167896353e-08]], "B1": [0.1665962674395436, 0.6666342313406924, 0.16667241755067674, -7.086499658214061e-05], "B2": [0.16659300028179258, 0.6666256637907934, 0.16666116637616699, -7.364085248649965e-05]}